postId,postTitle,postUrl,payRange,debugText,score,role,workType,locations,expiringDate,hittedKeywords,companyDetail.referenceId,companyDetail.name,companyDetail.linkedin,companyDetail.description,companyDetail.industry,companyDetail.groupSize,companyDetail.headQuarters,companyDetail.specialties,companyDetail.lastUpdate,companyDetail.url,companyDetail.jobPosted,companyDetail.locations
79275007,Solution Architect / Technical Lead,https://www.seek.com.au/job/79275007,$1200 pd + super,"**Solutions Architect / Technical Lead - Government Department**

- Contract until 30/06/2024 + extensions
- $1200 pd + super based on experience
- CBD Location + WFH (hybrid)

 The role develops, maintains and supports the design, use and delivery of appropriate solution architecture to improve business information access, compliance and leveraging of information to validate data-driven strategic

planning, policy development and operational decisions to meet business needs and align with department for NSW information technology strategy.

Key accountabilities

- Translate strategic technology plans by constructing solutions, applications and delivering services to solve business issues.
- Support and maintain comprehensive solution architecture models, policies, standards and procedures to deliver quality options and solutions to program and project teams.
- Deliver, monitor and evaluate solution architecture projects to develop, improve and maintain data and information models across Transport projects.
- Promote ongoing use of information and governance tools and processes such as glossaries and registers to optimise and support information solution leverage and compliance with architecture principles and standards.
- Collaborate with project managers to reduce technical complexity through solution design documents that specify and describe features, phases and operational delivery.
- Provide review, commentary and endorsement of information architecture options and recommendations in solution architectures and technical designs across the full lifecycle of IT business ideas and projects.

Key knowledge and experience

- End to End Solution Architecture experience
- Application developement / Integration experience, highly regarded
- Strong M365
- Microsoft and Azure
- Demonstrated skill and experience in the delivery of solutions architecture.
- Ability to manage time and meet deadlines while balancing competing priorities
- Strong analytical and problem solving skills.
- Develop strong relationships with senior stakeholders and promote compliance with relevant strategies policies, legislation and architectural governance.

**If you have the above skills, please contact for a confidential discussion**",0,Architects (Information & Communication Technology),Contract/Temp,Sydney NSW,2024-10-31T23:01:00.000Z,[],31300304,TRS - Public Sector,https://guce.yahoo.com/terms?locale=en-AU,"We are an independent Recruitment Agency based in Haymarket, Sydney. We have been operating since 2005.

Recruitment is a competitive Business, you need to stand out. We are proud to be different.

Government; TRS is an approved supplier to NSW Government via the SCM0007, SCM0020 & SCM0012 Panels - ICT, Technical, Specialist, Finance, Professional, Administration 

IT&T: We work across all industry sectors within the IT&T Sector. Particular areas of specialisation include: BIG Data & Data Analytics, Infrastructure, EAI & EIM, BI/DW, Development, Testing and SAP.

Advertising & Media: Specialities include; All things Digital, Technologists, Account Services, Senior Appointments and Finance.

Marketing: Our core speciality in this sector is Digital & On-Line Marketing, with a particular focus on SEO & SEM.

TRS has the ability to help international candidates to Australia - we provide relocation advice and have the capability to sponsor for internal roles.

Geographically TRS covers the whole of Asia.
Physically we are located in Sydney.

www.totalresource.com.au + 61 2 8705 8500",Staffing and Recruiting,SIZE_B,"Sydney, New South Wales","['IT', 'Sales & Marketing', 'Advertising', 'E-Commerce', 'Media', 'Finance', 'Engineering', 'Recruitment', 'Onboarding', 'Payrolling', 'Contract Recruitment', 'and Government Recruitment']",2024-10-23T13:23:00.430917086+00:00,,0,
79474446,Technical Architect--Mainframe COBOL (Microfocus),https://www.seek.com.au/job/79474446,,"We are HCLTech, one of the fastest-growing large tech companies in the world and home to 219,000+ people across 54 countries, supercharging progress through industry-leading capabilities centered around Digital, Engineering and Cloud.

The driving force behind that work, our people, are diverse, creative, and passionate, raising the bar for excellence on a regular basis. We, in turn, work hard to bring out the best in them as we strive to help them find their spark and become the best version of themselves that they can be.

At HCLTech Australia, we value the unique perspective and contributions of all individual and we actively encourage applications from Aboriginal and Torres Strait Islander people to apply for this role.

Are you ready to be an important part of this ever-transformational journey?

**Job summary**

An employee responsible for the technical aspects of understanding the technical detail of a HLSA and of a business initiative.

**MicroFocus Platform SME--Mainframe COBOL**

**>14+ Years of experience**

1. **Skills**: COBOL (Mainframe & Micro Focus), PL/1, CICS, JCL, VSAM, SQL,.
2. **Domain areas:** Legacy application, Migration, Insurance and Banking
3. **Databases**: DB2, IDMS, IMS DB, Oracle

**Responsibilities**

•Solution Feasibility in relation to the solution Roadmap

•Perform detailed analysis, then create, and document a “solution” is expected to solve the customer’s problem(s).

•Ensuring Solution is sustainable and extendable over time

•All levels of documentation and KT plans are inline with the initiatives of RLA.

•Required to have a deep understanding of Microfocus platform, with 5-10 years %%U+0027%%  experience in deploying/building Microfocus platform.

•Well versed in Microfocus apps like ES, ED etc.

•Hands on experience on Microfocus platform upgrades/security patching.

•Ability to write automation scripts, CI/CD DevOps pipelines.

•Collectively responsible for the achievement of team goals -Work day-to-day in a team

•Collaborate within and cross functional teams to resolve impediments

•Continuous improvements – Housekeeping/Automation improvements.

•Alerts and Monitoring/logging improvements

**Artefacts within area of responsibility**

•Solution/architecture diagrams/system roadmap

•Specific to LLD /
 environment/design document which may include

•Functional and Non-Functional Requirements

•Application Overview/Logical Components/Configuration

•Infrastructure Overview

•System and application dependencies

•Inbound and outbound dependencies

•Data Analysis

•DR

•Security/Networking dependencies

•Monitoring and Performance metrics

**Subject matter expertise**

•Experience and recognised as an expert in chosen competency – **Microfocus Platform.**

•Participate in solving complex problems requiring highest competency level in specific field of expertise

• **Domain areas:** Legacy application, Migration, Insurance and Banking **Databases**: DB2, IDMS, IMS DB, Oracle

• **Languages/Tools/scripts**: COBOL (Mainframe & Micro Focus), PL/1, CICS, JCL, VSAM, SQL,.

**Why Us**

We are one of the fastest-growing large tech companies in the world, with offices in 50+ countries across the globe and 219,000 employees.

- Our company is extremely diverse with 165 nationalities
represented.
- We offer the opportunity to work with colleagues across the globe.
- We offer a virtual-first work environment, promoting a good work-life integration and real flexibility.
- We offer comprehensive benefits for all employees.
- We are a certified great place to work and a top employer in 17 countries, offering a positive work environment that values employee recognition and respect.

_**Equality & Opportunity for All**_

_Representing 165 nationalities across the globe, we pride ourselves on being an equal opportunity employer, committed to providing equal employment opportunities to all applicants and employees regardless of race, religion, sex, colour, age, national origin, pregnancy, sexual orientation, physical disability or genetic information, military or veteran status, Aboriginal and Torres Strait Islander people or any other protected classification, in accordance with federal, state, and/or local law_",0,Developers/Programmers (Information & Communication Technology),Full time,Sydney NSW,2024-11-13T12:59:59.999Z,[],158328604875959,HCLTech,https://guce.yahoo.com/terms?locale=en-AU,"HCLTech is a global technology company, home to more than 219,000+ people across 60 countries, delivering industry-leading capabilities centered around digital, engineering and cloud, powered by a broad portfolio of technology services and products. We work with clients across all major verticals, providing industry solutions for Financial Services, Manufacturing, Life Sciences and Healthcare, Technology and Services, Telecom and Media, Retail and CPG, and Public Services. Consolidated revenues as of 12 months ending June 2024 totaled $13.4 billion. To learn how we can supercharge progress for you, visit hcltech.com",Information & Communication Technology,SIZE_A,"Noida, Uttar Pradesh","['Manufacturing', 'Aerospace & Defense', 'Financial Services', 'Telecom', 'Retail & CPG', 'Life Sciences & Healthcare', 'Media & Entertainment', 'Travel', 'Transportation & Logistics', 'Automotive', 'Government', 'Energy & Utilities', 'Consumer Electronics', 'Healthcare', 'Cloud', 'Digital', 'Engineering', 'AI', 'Technology and Services', 'and Software']",2024-10-23T13:23:03.078230212+00:00,https://www.hcltech.com/geo-presence/australia,0,
79558631,Senior Solutions Architect,https://www.seek.com.au/job/79558631,,"We are seeking a highly skilled **Senior Solution Architect** who will contribute to uplift RBA %%U+0027%% s Risk Management System. The position is a 1 year fixed-term contract.

We are looking for a Senior Solutions Architect who:

- Define solutions architectures, high-level designs, and impact assessments for initiatives and/or systems in the Bank.

- Take ownership of Architecture deliverables for Conceptual and Solution Architecture documents and ensure that they are agreed and endorsed by all stakeholders.

- Work with analysts in defining business requirements, and work with subject matter experts to develop high level designs, in line with the enterprise architecture, patterns and practices. This may occasionally extend to assist with detailed design work.

- Collaborate with project managers and other stakeholders in scoping initiatives, ensuring they are scoped in accordance with architectural objectives and principles.

- Has experience in producing Solution Architectures for complex solutions (including infrastructure, cloud, on-premise and hybrid solutions)

- Ability to identify and document / call out dependencies with other projects / systems.

- Drive Architectural Certification process to completion for key project deliverables.

**Technical Capabilities**

- Highly Desirable to have experience in Risk Management System (e.g., Protecht) implementation.

- Experience with development principles, tools, and frameworks.

- Strong interpersonal skills, including teamwork, facilitation, and negotiation.

- Demonstrated ability to communicate, influence and persuade peers and senior stakeholders.

- Understanding of strategic and new and emerging technologies and their practical application.

- Understanding of relevant models, notations and tools.

- Strong experience in resolving solution design and architecture contentions.

- Sound experience in architectural disciplines across a range of complex projects and technologies.

**Qualifications**

- TOGAF is preferred.

- Tertiary qualifications relevant to the Bank or IT industry.

**Be More**

The RBA makes an important contribution to the Australian economy through the pursuit of national economic policy objectives and associated activities in financial markets and banking. We also issue Australia %%U+0027%% s banknotes and operates infrastructure critical to the payments system, all of which contribute to the welfare of the Australian people.

Made up of specialists across a wide range of fields, our people have a meaningful role to play in achieving these objectives. Our people conduct themselves with a high degree of integrity, while striving for excellence in the work they perform and the outcomes they achieve. We encourage intelligent inquiry, and we treat one another with respect while promoting the public interest through our efforts.

We know it is the growth and success of our people that drives the Bank forward. Come and make a bigger contribution while you build and develop your own skills too, because being more means you can do more, for yourself and for Australia.

**The Reserve Bank of Australia is an equal opportunity employer. We are committed to crafting a diverse and inclusive environment and encourage applications from expert candidates seeking workplace flexibility.**",0,"Architects (Information & Communication Technology), Government - Federal (Government & Defence)",Full time,Sydney NSW,2024-11-15T23:08:24.000Z,[],433652,Reserve Bank of Australia,https://guce.yahoo.com/terms?locale=en-AU,"The Reserve Bank of Australia (RBA) is Australia %%U+0027%% s central bank and derives its functions and powers from the Reserve Bank Act 1959. Its duty is to contribute to the stability of the currency, full employment, and the economic prosperity and welfare of the Australian people. It does this by setting the cash rate to meet an agreed medium-term inflation target, working to maintain a strong financial system and efficient payments system, and issuing the nation %%U+0027%% s banknotes. The RBA provides certain banking services as required to the Australian Government and its agencies, and to a number of overseas central banks and official institutions. Additionally, it manages Australia %%U+0027%% s gold and foreign exchange reserves.
Source: this is an extract from the company %%U+0027%% s own website",Banking,SIZE_A,"Sydney, NSW","['Monetary Policy', 'Market Operations', 'Financial Stability', 'Payments System', 'Financial Services', 'and Banknotes']",2024-10-23T11:30:46.972343553+00:00,http://www.rba.gov.au/,0,
79691865,Senior Architect,https://www.seek.com.au/job/79691865,,"**The company** This is a rare and exciting opportunity with a boutique sized Sydney-based Architectural practice, who specialise in heritage projects.

**The role**

An immediate opportunity exists for a skilled Senior Architect to provide technical expertise, through managing the client and delivering a high level of construction documentation packages.


The following are required:

- A minimum of 7-10 years experience post graduation
- Experience running projects as a Project Architect or Senior Architect
- Experience understanding council controls, can measure accurately and is used to proposing design options and alternatives
- You will be a skilled user of ArchiCAD
- Ideally a quiet achiever
- A passion for design
- Knowledge of BCA standards
- Must have strong Construction Documentation
- Join a busy team which has an excellent market reputation and has a solid number of confirmed projects. The practice has a friendly and collaborative working culture and it believes in achieving a work life balance.

If you are an experienced Senior Architect actively seeking a new role or interested in having a confidential chat regarding the role please apply now or call David Hailame on
(02) 8079 0980.

Email your portfolio to
**david.hailame@acrworld.com**",0,Architecture (Design & Architecture),Contract/Temp,Sydney NSW,2024-11-22T01:00:00.000Z,[],1804630,ACRWORLD,https://guce.yahoo.com/terms?locale=en-AU,"Since 2001 we have been recruiting professionals across Architecture, Building, Property, Defence, Manufacturing, Transportation, Renewable Energy & Resources.

Acquired by the Morson Group in 2022, we are one of Australia’s larger architecture, engineering, construction and property agencies, with an impressive track record in securing talent in an ever evolving and competitive marketplace.

Unique database of more than 500,000+ candidates.
5000+ placements made.
Successfully placed personnel in 58 countries.
White collar & blue collar roles.
Industry experts.

Services include:

- RPO
- MSP
- Permanent Placements 
- On Hire Contractors (Payroll) 
- Executive Search (Retained) 
- Project Recruitment Outsourcing 

Recruitment Consultants who listen, consult, compete and deliver.

Contact us today to see how we can effectively compete for you.",Staffing and Recruiting,SIZE_C,"Sydney, NSW","['Engineering Jobs', 'Construction Jobs', 'Oil & Gas Jobs', 'Building Jobs', 'Property Jobs', 'Power Jobs', 'Infrastructure Jobs', 'Rail Jobs', 'Mining Jobs', 'Executive Search', 'Permanent Placement', 'On Hire contractors', 'Project Recruitment Outsourcing', 'International Recruitment', 'Architecture Jobs', 'Renewable Energy', 'RPO', 'and MSP']",2024-10-23T13:23:05.943245130+00:00,,0,
79383659,Senior Architect - Core Banking & Product Architecture,https://www.seek.com.au/job/79383659,$0 - $0,"**About the Role**

As Senior Architect - Core Banking & Products Architecture, you will be responsible for providing strategic leadership and technical expertise in designing and maintaining the architecture of our organization %%U+0027%% s core banking platform (with special focus on Temenos T24). You will play a pivotal role in driving innovation, efficiency, and scalability of our banking technology infrastructure. This position requires at least 10+ years of experience, with deep understanding of banking operations, modern technology trends, and a proven track record in architecting, migrating and implementing a material core banking transformation.

Key Responsibilitie will include:

- Develop and maintain a long-term architecture vision for the Temenos core banking and product systems, aligned with the organization %%U+0027%% s business objectives and regulatory requirements.
- Collaborate with the executive team and other stakeholders to understand business needs and translate them into technical requirements and architectural designs.
- Establish and communicate architectural guidelines, principles, and best practices to ensure consistent and standardized solutions.
- Lead and create architectures and designs of BOQ group’s core banking systems, including but not limited to Temenos T24 core banking platforms, other product systems (e.g. leasing), customer master systems, and integration with third-party services.
- Guide colleagues and other teams with detailed knowledge about T24 Core Banking capabilities, features and configuration possibilities to assist with fit/gap and impact assessments for new requirements

**About you**

Joining our team as Senior Architect - Core Banking & Product Architecture presents an exciting opportunity to shape the future of our BOQ’s digital banking landscape and deliver exceptional services to our business and retail customers. If you are an expert in Temenos T24 Core Banking (or an equivalent mature core banking platform) and a forward-thinking banking technology professional with a passion for innovation and a track record of successful architectural/design, transformation and migration experience we invite you to apply for this position and be a key driver of our organization %%U+0027%% s growth and success.

**About Us**

BOQ Group is a truly unique group of challenger brands with a purpose – to provide a genuine alternative to Australian financial services for customers and employees.

Our family of brands (Bank of Queensland (BOQ), ME Bank, Virgin Money Australia, BOQ Specialist), each come with their own defined customer audience and brand personality, but share one goal – to build social capital through banking. That’s creating trust with customers, exploring staff potential and believing that tiny gestures and big ideas can change the world for communities.

BOQ Group’s inclusive vision is to foster a workspace that values and leverages difference and creates new possibilities, a place where our people feel confident to bring their best selves to work every day. We embrace difference and believe that our workforce should reflect the customers and communities that we serve.

Since 2021, BOQ Group is recognised as an Employer of Choice for Gender Equality by the Workplace Gender Equality Agency (WGEA).

In 2023, we successfully implemented an innovative Reconciliation Plan, driving positive change and promoting inclusivity across BOQ Group.

**Our Benefits**

• Flexible working arrangements

• Discounted financial products

• Salary sacrificing options

• Paid parental leave with no minimum

• Purchase annual leave

• Discounted private health insurance plan

• Employee Assistance Program (EAP)

• Access to employee network groups focused on First Nations Reconciliation, LGBTQIA+, Multicultural, Gender, Early Careers and accessibility

• BOQ Group is a member of Pride in Diversity and a participating organisation in the Australian Workplace Equality Index

**How to Apply**

To apply for this role at #boqgroup #grouptech,
follow the links or apply via our
Careers Page.

BOQ Group
is committed to diversity and an inclusive workforce. Aboriginal and Torres Strait Islander People are encouraged to apply.

We celebrate, value and include people of all backgrounds, gender and expressions, sexualities, cultures, bodies and abilities. When you apply, you are welcome to tell us the pronouns you use and please let us know any reasonable adjustments you may need during the interview process.

If you are successful for a role with BOQ Group, it is a condition of employment that background screening is completed to ensure that the Bank complies with its obligations under the Anti-Money Laundering and Counter Terrorism Financing Act. These checks may include, but are not limited to: identity, verification, reference checks, criminal background checks, immigration checks, verification of academic qualifications, bankruptcy checks.

**Please no agency applications.**",0,Architects (Information & Communication Technology),Full time,Sydney NSW,2024-11-08T12:59:59.999Z,[],432535,Bank of Queensland,https://guce.yahoo.com/terms?locale=en-AU,"BOQ Group is a truly unique group of challenger brands with a purpose – to provide a genuine banking alternative for customers and employees. Our family of brands (Bank of Queensland (BOQ), ME, Virgin Money Australia, BOQ Specialist, BOQ Business, BOQ Finance), each come with their own defined customer audience and brand personality, but share one goal – to build social capital through banking. That’s creating trust with customers, exploring staff potential and believing that tiny gestures and big ideas can change the world for communities.",Banking & Financial Services,SIZE_A,"Newstead, QLD",['Personal & Business Banking and Unique Owner-Manager Model'],2024-10-23T13:23:11.167156175+00:00,https://www.boq.com.au/About-us/company-overview,0,
79653065,Documentation Architect/ Project Architect,https://www.seek.com.au/job/79653065,,"**Who We Are**

PBD Architects is a Sydney-based design driven architecture practice which has an outstanding client base across residential and commercial projects – we have successfully delivered a wide range of innovative architectural and interiors projects in residential, commercial, seniors living, aged care, master planning and hospitality.

Our general ethos is a balance between quality architecture, efficient planning and interior design which meets the needs of the intended target audience.

**What We Want**

We are currently seeking a Documentation Architect/ Project Architect to join our practice to develop and maintain strong relationships with clients, executives, and other key stakeholders to help guide and deliver projects. You will be responsible for the day-today input and coordination of project components, including concept design and documentation.

Your role will include:

- Develop, understand, and interpret design concepts, ensuring all designs are reflective of the design strategy and PBD vision
- Work cooperatively and communicate with your Project Leader, client and consultants to deliver the projects
- Prepare client and consultant team update
- Undertake Quality Assurance procedures, checking and issuing of documents
- Prepare detailed design documentation for a wide range of creative projects

**Who You Are**

The ideal candidate will bring the following skills to this role:

- 7 years of local architectural experience
- Registered Architect in Australia
- Strong knowledge of the methods and techniques of CAD design
- High level of technical expertise to guide and deliver multi-unit residential projects
- Experience In design concepts, design delivery, drawing and drafting
- Ability to review, analyse, and make recommendations regarding designs, plans and specifications
- Advanced knowledge of all applicable codes and regulatory agency guidelines
- Strong written and verbal communication skills
- Ability to communicate effectively with stakeholders

Our technology suite includes:

- Archicad
- Enscape/
Lumion
- Adobe Suite

**What We offer**

As a member of our vibrant office, you will have the
opportunity to work with alongside your team members on the full project cycle
from concept through to completion. This is a great opportunity to join a practice
that prides itself on its support and commitment to its staff, dynamic results, ongoing training, and internal career growth.

Some of the perks of working at PBD Architects:

- A highly competitive salary plus performance bonuses
- Newly renovated office spaces in Surry Hills
- An amazing Surry Hills location, where the food and coffee options are endless and delicious
- Seminars, design workshops and team building activities
- Socials - Friday night drinks, birthday celebrations, lunches, fitness training sessions and our annual tennis tournament

We are looking for like-minded ambitious and creative people who would be a great cultural fit with our team.

If you are looking for a varied role, where you will be mentored by experienced professionals, please apply by submitting your application.

Please note, only shortlisted candidates will be contacted.

_**If this sounds like you please submit your application and portfolio to
hr@pbdarchitects.com.au**_",0,Architecture (Design & Architecture),Full time,"Surry Hills, Sydney NSW",2024-11-21T12:59:59.999Z,[],27831324,PBD Architects,https://guce.yahoo.com/terms?locale=en-AU,"Nominated Architect | Paul Buljevic | Registration No. 7768

PBD Architects is a multi-disciplined design practice committed to creating buildings that meet objectives of the project brief and adhere to the highest Architectural standard.

With the experience and delivery capability to take projects through from inception to completion, PBD are often engaged to prepare initial feasibility studies on raw sites generating both a design concept and financial plan for building procurement.

Experience within the PBD team stems from all facets of the construction industry including Design/ Architecture, Project/ Development Management, Contract Administration and Technical Support. This combined knowledge ensures a holistic approach to design and building procurement.

Design, cost and program are key commercial elements in what the team at PBD Architects and Project Managers consider an “integrated design process” where limitations of a project should be posed by the site and not its designer.

We are committed to providing an honest, reliable and personalized service in which meeting the financial and management goals of our clients become our primary concern.",Architecture and Planning,SIZE_B,"Surry Hills, New South Wales","['Architecture Design', 'Interior Design', 'Masterplanning', 'Project Management', 'and Feasibility Studies']",2024-10-23T13:23:09.007021632+00:00,,0,
79637059,Enterprise Architect - 12 month contract - Federal,https://www.seek.com.au/job/79637059,,"Pathway Search %%U+0027%% s federal government client is seeking an Enterprise Architect for a 12-month contract to play a critical role in managing risks and resolving issues across a wide range of complex activities. This position requires a detail-oriented professional capable of significant decision-making and independent judgement. The Enterprise Architect will coordinate and lead sensitive or complex projects, ensuring that outcomes align with the agency %%U+0027%% s strategic and operational priorities.

**Key Responsibilities:**

- Collaborate with the Director of Enterprise Architecture and Strategy, as well as Enterprise Architects, to develop a high-quality enterprise architecture that aligns with the agency %%U+0027%% s corporate plan and priorities.
- Ensure business solutions align with the agency’s goals and objectives.
- Maintain compliance with Enterprise Architecture models, methodologies, principles, policies, standards, and strategic direction.
- Engage with business stakeholders to understand tactical and strategic objectives and requirements.
- Provide technical oversight, resolving complex issues during project planning, discovery, and delivery phases.
- Deliver coherent technical business solutions across various domains.
- Represent solutions through relevant governance processes, including the Architecture Review Board (ARB).
- Adhere to the division-wide ARB approval framework and architecture compliance methodology.",0,Architects (Information & Communication Technology),Contract/Temp,Sydney NSW,2024-11-20T06:04:00.000Z,[],45907166,Pathway Search,https://guce.yahoo.com/terms?locale=en-AU,"Pathway Search is a specialist Technology Recruitment and Consulting team.  
Bringing over 15 years of technology and engineering expertise, we work with an array of clients from start-ups to large corporations across the Syndey market.  

We cover: Technology and Digital, UI/UX, Cloud, Data, Testing, Project Services, Business Analysts, and Project Managers.  

The success of our team stems from our Core Values:  
Passion  
Integrity  
Positivity  
Growth mind set  
ANYTHING is possible  

Our team’s reputation is built on honest and integrity, as we are a driven and passion group of recruiters who love Tech and adventures outside of our office walls!  

If you’re looking for your next career move or looking for your next hire, we are here to help.",Information Technology & Services,SIZE_A,Sydney,"['Cloud', 'DevOps', 'Project Manager', 'Software Engineering', 'Data', 'Cyber', 'Developers', 'SQL', 'Cloud', 'Engineers', 'Business Analyst', 'Full Stack', 'SEO', 'Data Warehouse', 'Project Coordinators', 'IOS and Android', 'Product Designers', 'Application Support', 'and Testing']",2024-10-23T13:23:13.043691550+00:00,,0,
79470244,Project Architect,https://www.seek.com.au/job/79470244,,"**About the role**

As a Project Architect at MJ Suttie Architects, you will play a pivotal role in the design and delivery of beautiful architectural projects. Joining our team in our Potts Point office, you will collaborate with clients, project managers, and multidisciplinary teams to bring our architectural visions to life. This full-time position offers the opportunity to contribute to the strategic direction of the practice and make a lasting impact on the built environment.

**What you %%U+0027%% ll be doing**

- Lead the design process for assigned projects, from concept to construction
- Prepare detailed design drawings, specifications, and documentation
- Manage project budgets and timelines to ensure successful delivery
- Liaise with clients, consultants, and local authorities to coordinate project requirements
- Mentor and provide guidance to junior architects and technicians
- Contribute to the firm %%U+0027%% s business development and marketing initiatives

**What we %%U+0027%% re looking for**

- Degree in Architecture and registration as a Practicing Architect
- Minimum 5 years of post-graduate experience in a similar role
- Strong technical skills in design, documentation, and project management
- Excellent communication and interpersonal skills to effectively collaborate with clients and stakeholders
- Passion for beauty and timeless architecture
- Ability to work independently and as part of a dynamic team
- Skill set includes: Revit, CAD, Hand Drafting, Enscape etc.

**What we offer**

- Competitive remuneration and performance-based bonuses
- Opportunities for professional development and career progression
- Flexible work arrangements to support work-life balance
- A vibrant and collaborative work environment in CBD

**About us**

MJ Suttie Architects is a Classical and Traditional Architect firm with a reputation for delivering exceptional architectural solutions. Our team of talented professionals is committed to creating inspired and sustainable buildings that enhance the lives of the people who use them.

Apply now to join our team and take the next step in your architectural career.",0,Architecture (Design & Architecture),Full time,"Potts Point, Sydney NSW",2024-11-12T12:59:59.999Z,[],55497740,MJ Suttie Architects,https://guce.yahoo.com/terms?locale=en-AU,M.J.Suttie Architects offers services in both architecture and urban design. M.J.Suttie Architects seeks to create timeless architecture and urban spaces through an understanding and openness to the classical and vernacular traditions and contemporary construction techniques.,Architecture and Planning,SIZE_A,Albury,[],2024-10-23T13:23:17.062051802+00:00,,0,
79446953,Salesforce Technical Architect,https://www.seek.com.au/job/79446953,AUD 180000 - 220000 per annum,"Are you a seasoned Salesforce Architect looking to elevate your career in a growing and dynamic environment? Join a mid-sized Salesforce partner as they expand across Australia, providing innovative Salesforce solutions to drive business success. With a hybrid working environment, this role offers flexibility and can be based in either Sydney or Brisbane.

**The role:**

 As a Salesforce Architect, you will be at the forefront of shaping and delivering robust Salesforce architectures that meet client needs. You %%U+0027%% ll lead the design, implementation, and technical oversight of Salesforce projects, ensuring high-quality solutions that drive business growth and long-term client satisfaction.

**Main
 Responsibilities:**

 - Design end-to-end Salesforce solutions that align with business objectives

 - Lead technical workshops and translate client requirements into scalable architectures

 - Oversee the development and deployment of custom Salesforce components

 - Conduct code and design reviews, ensuring adherence to best practices

 - Provide technical oversight during project implementation and ensure timely delivery

 - Develop integration strategies with other business systems

 - Act as a trusted advisor, offering strategic insights and guidance to clients

 - Mentor and lead technical teams, fostering a culture of continuous learning

**You, as the ideal candidate will have:**

 - Extensive experience in Salesforce architecture and development

 - Proven ability to lead large-scale Salesforce implementations and integrations

 - Salesforce certifications such as Salesforce Certified Technical Architect (CTA), Certified Application Architect, or Certified System Architect

 - Strong leadership and stakeholder management skills

 - Experience with Agile and Scrum methodologies

 - Expertise in Apex, Visualforce, Lightning, and Salesforce integration techniques

**What %%U+0027%% s in it for you?**

 - Flexible hybrid working environment – work from home or in the office

 - Exciting opportunities for career growth and professional development

 - Work with a passionate team in a collaborative and supportive environment

 - Make a meaningful impact by shaping the Salesforce solutions of tomorrow

This role can be based in either Sydney or Brisbane (hybrid working available) and will require someone to have full working rights in Australia.

 If you would like to know more about this role, please apply and we can arrange a time to speak!",0,Architects (Information & Communication Technology),Full time,Sydney NSW,2024-11-10T12:59:59.999Z,[],62540014,Sirius Technology NSW,https://guce.yahoo.com/terms?locale=en-AU,"Sirius People is a specialist recruitment agency based in Sydney and Melbourne. We recruit specialised professionals for contract and permanent roles across a number of industries, including Technology, Digital, Blue Collar, and White Collar

We have shortened the recruitment process by embedding our experienced consultants into their specialised communities. Each of our consultants owns a network of 700+ candidates, whom they speak with every month. We also connect with our candidates through our social media platforms, including Facebook, LinkedIn and X. This gives you access to both active and passive talent; and enables us to deliver high-quality, specialised candidates to you in a timely manner.

We partner with you to really get to know your culture and pain points. By painting a full picture of your business, our consultants can reach into our ever-growing specialist networks to quickly find exceptional talent who will help you achieve your company’s goals. This is one of the reasons why many of our current clients have partnered with us over the years.

So, whether you %%U+0027%% re looking for an exciting new opportunity or are looking to hire a specialist in the Technology, Business Support, Sales & Marketing, Blue Collar or Accounting & Finance industry, our specialised recruitment consultants are here to support your success.

Reach out to our consultants today!",Human Resources Services,SIZE_C,"City of Sydney, New South Wales","['Recruitment', 'IT Recruitment', 'Business Support Recruitment', 'Call Centre Recruitment', 'Customer Service Recruitment', 'Sales Recruitment', 'Marketing Recruitment', 'Events Recruitment', 'Blue Collar Recruitment', 'Accounting & Finance Recruitment', 'Technology Recruitment', '', 'Sydney Recruitment', 'Melbourne Recruitment', 'and Digital Recruitment']",2024-10-23T11:31:05.151260172+00:00,,0,
79538871,1 x EL1 Enterprise Architect,https://www.seek.com.au/job/79538871,$1050 - $1275 p.d. + Weekly pays,"- **Canberra, Sydney - Surry Hills, Melbourne - Geelong or Richmond**
- **Ability to obtain a Baseline Security Clearance required**
- **12+12 month Federal Government contract**

Our client, an independent statutory agency who support a better life for hundreds of thousands of Australians with a significant and permanent disability, is seeking an **EL1 Enterprise Architect** to join their team.

**Duties/skills:**

- Assisting the director of Enterprise Architecture and Strategy to deliver a high quality, fit for purpose enterprise architecture that aligns with the agency corporate plan and agency priorities.
- Providing technical oversight and facilitating complex issues resolution arising during project planning, discovery and delivery.
- Assist with representing the solutions being developed through all relevant governance processes, including the Architecture Review Board (ARB).
- Assisting in the development of a division wide ARB approval framework and division wide methodology for all architecture compliance and approvals.

**Criteria:**

- Excellent listening, communication, and stakeholder management skills.
- Broad **technical & business layer architectural background** delivering business solution architectures for projects
- 3 years of Architecture experience.
- Industry experience across financial, health or insurance sectors.

**How to apply**

To be considered for this role **(JOB ID: CW10043),** please forward your resume to Coral by clicking the _quick apply_ button.

Please note only suitable applicants will be contacted.

**Job ID CW10043 closes on Thursday, 31 October at 10am.**

Recruitment Hive: (02) 6299 1006",0,Architects (Information & Communication Technology),Contract/Temp,Sydney NSW,2024-11-15T04:03:27.000Z,[],401135233,Recruitment Hive,https://guce.yahoo.com/terms?locale=en-AU,"How are you placed for tomorrow?

At Recruitment Hive, we’re all about placing leading ICT professionals in fulfilling roles. For us, Canberra’s not a satellite office, it’s home. We identify and build relationships with the highest calibre ICT professionals and offer transparent, moderate fees. We’re passionate about working hard to help the federal government benefit all Australians via innovative technology outcomes.

What exactly do we do?

Recruitment Hive is a specialist ICT recruitment company that provides ICT contracting services to federal government, primarily within the ACT. We’re all about quality, so we’ve developed strong internal processes to assist us in identifying, tracking and engaging with the highest quality ICT professionals. From Federal Government requirements and clearances to expert advice on ICT resumes and contacts, we know how to get you the ICT gig you’re after.

Why do candidates and hiring managers choose us? 

We’re warm and friendly to work with, and we know the Canberra ICT sector better than anyone else out there. Our technology is better. And importantly…we openly display our reasonable fee structure.
Many of our competitors train their people to negotiate up the client rate and negotiate down the contractor rate, maximising fee margin at the expense of contractor and client fairness. We don’t believe this is right. So we’re 100% up-front with an uncomplicated and reasonable rate structure. 

Check out our transparent fees at recruitmenthive.com.au, call us today on 02 6299 1006, or email us on info@recruitmenthive.com.au",IT Services and IT Consulting,SIZE_B,"Canberra, ACT","['Information Technology', 'Recruitment', 'Human Resources', 'Canberra', 'Contract', 'Contracting', 'Federal Government', 'ICT Contracting', 'IT Contracting', 'Contractor', 'Java', '.NET', 'Project Manager', 'Business Analyst', 'Solutions Architect', 'Test Analyst', 'Developer', 'Change Manager', 'Support', 'Cloud', 'SAP', 'Data Science', 'Cyber Security', 'Systems Engineer', 'Network Engineer', 'Systems Analyst', 'Agile', 'and Canberra']",2024-10-23T11:42:01.632893421+00:00,,0,
79705062,Solution Architect,https://www.seek.com.au/job/79705062,,"Osborne Richardson specialise in public-sector recruitment. Our IT division is headed up by an experienced IT project manager so, when you work with us, you will be working with someone understands your requirements based on real-world experience.

- To 30 Jan 25
- $1000/day + Super
- CBD / Hybrid
- Immediate start

**About the role:**

The Solution Architect will join a NSW state government department to undertake the development of a SAD and a cost estimate for the implementation of a data solution to replace manual collection of data to multiple local data sources to an automated system leveraging the existing data storage solution.

**Key Responsibilities:**

- Develop a Solution Architecture Document
- Propose technologies to meet requirements
- Obtain endorsement of the SAD
- Develop and obtain endorsement for an implementation cost estimate

**Experience:**

- Significant experience developing Solution Architectures for data collection, validation, management and consumption.

Thank you for your interest. We regret that, due to the number of applications received, we will not be able to respond to all applicants.",0,Architects (Information & Communication Technology),Contract/Temp,Sydney NSW,2024-11-22T12:59:59.999Z,[],30755661,Osborne Richardson,https://guce.yahoo.com/terms?locale=en-AU,"Osborne Richardson is one of Australia %%U+0027%% s leading professional Government, IT and Food Manufacturing recruitment consultancies, specialising in the placement of permanent and contract staff across all levels of seniority.

Our strategy to focus exclusively within our niche disciplines allows us to concentrate on the requirements of our clients and fully understand their needs. That in-depth sector and market knowledge is vital, enabling us to deliver successful and swift recruitment outcomes. We have achieved that degree of understanding by building meaningful relationships with leading organisations in the public and private sector and an extensive network of industry professionals allowing our consultants to put forward potential recruits that have the most relevant experience and personal qualities to fulfill clients %%U+0027%%  requirements
 
Areas of Specialisation:

Government

We have a highly experienced and exceptionally passionate team, who bring over 50 years of combined Government recruitment experience between them. Our ever expanding networks and proximity to the market means we are able to act swiftly, delivering successful outcomes for both clients and candidates.
 
Food Manufacturing

Within Osborne Richardson’s Food Manufacturing division, we have dedicated consultants focused solely on recruiting within specific disciplines serving the food manufacturing industry throughout Australia. 
 
Information Technology
 Osborne Richardson IT is a specialist division operated by a team of skilled recruiters and IT subject matter experts with over 20 years’ experience in the Queensland ICT market.  We deliver business critical ICT contract and permanent recruitment projects for local and state government departments, and blue chip corporates operating across every Queensland Industry. 
 
As experienced Program, Project, and technical specialists we can help employers assess their IT recruitment requirements and to find the best fit candidates for each role.",Human Resources Services,SIZE_B,"Brisbane, QLD","['Food Manufacturing Industry Expertise', 'Industry Knowledge', 'Strong Industry Network', 'Experienced Consultants', 'Reliable and Reputable', 'Quality Service', 'Authentic Working Relationships', 'and Focused Strategy']",2024-10-23T13:23:15.148664301+00:00,,0,
79692624,Solution Architect - Airline Tech. Modernisation Program,https://www.seek.com.au/job/79692624,Up to $1200 p/d - Multi Year Program - WFH,"**Job Title:** Solution Architect – AWS Cloud Flight Scheduling System (ACDM)

**Location:** Sydney (Open to candidates based in Brisbane or Melbourne)

**Job Type:** Full-Time Contract  %%U+007C%%  Multi-year program

**About the Role:**

We are looking for an experienced **Solution Architect** to join a major technology modernization project focused on architecting a new AWS cloud-based **Flight Scheduling System**. This is a multi-year program for one of Australia’s leading airlines and will play a pivotal role in improving the overall efficiency and collaboration between airline operations and airports through **Airport Collaboration Decision Making (ACDM)**.

In this role, you will be responsible for designing and architecting a cloud-native system from the ground up, leveraging AWS services, ensuring scalability, reliability, and optimal performance. The project is highly complex and transformative, requiring the ability to work across multiple stakeholders and vendors to drive successful delivery.

**Key Responsibilities:**

- Lead the architecture and design of the AWS-based Flight Scheduling System for a major airline, ensuring alignment with business objectives and technical requirements.
- Collaborate with airline operations and airport stakeholders to deliver a seamless **ACDM** solution that enhances decision-making and real-time coordination.
- Drive the technology roadmap and work closely with geographically dispersed teams, both internal and external, to manage delivery timelines and technical execution.
- Partner with key business stakeholders and vendors to ensure the architectural solutions meet strategic goals, are scalable, secure, and compliant with industry standards.
- Guide and mentor development teams throughout the implementation phases, ensuring adherence to best practices in cloud architecture and engineering.
- Act as the point of contact for architectural decisions and escalations, ensuring that technical risks are identified, mitigated, and communicated effectively.
- Contribute to the overall technology transformation journey, focusing on modernisation and cloud enablement.

**Essential Skills and Experience:**

- Proven experience as a **Solution Architect** working on large-scale, complex technology transformation projects.
- Strong expertise in **AWS Cloud architecture** and cloud-native design, with hands-on experience building and deploying solutions using AWS services.
- Ability to architect from the ground up, understanding the full SDLC and how to design for scalability, reliability, and maintainability.
- Excellent **stakeholder management** skills, with the ability to influence and collaborate across senior leadership and technical teams.
- Strong **vendor management** experience, ensuring third-party vendors deliver to high standards and align with architectural goals.
- Familiarity with **aviation/airline industry** systems, especially flight scheduling, airport operations, or ACDM, is highly desirable but not mandatory.
- Proven experience working with geographically dispersed teams and managing technical and operational challenges in remote collaboration.

**Desirable Skills:**

- Experience with **aviation/airline industry systems** or **ACDM** solutions.
- Understanding of **flight scheduling systems**, airport systems, or real-time operational platforms.
- Knowledge of aviation regulatory requirements and standards.

**Why Join Us?**

- Be a part of a major tech modernisation program with the opportunity to shape a cutting-edge, cloud-native flight scheduling system.
- Work with a highly skilled and diverse team, bringing together experts from various parts of the world.
- This is a multi-year, transformative project that will have a lasting impact on the aviation industry.
- Competitive day rate or salary and flexible working arrangements, with options to work from Sydney, Brisbane, or Melbourne.",0,Architects (Information & Communication Technology),Contract/Temp,Sydney NSW,2024-11-22T01:31:00.000Z,[],61887107,The Aquarium,https://guce.yahoo.com/terms?locale=en-AU,"The Aquarium is a Professional Services Group comprised of The Aquarium Talent Solutions, The Aquarium Professional Services, Consortio and Total Resource Solutions.

We are an established and highly successful talent provider to corporates, government and growing businesses. With over 2,000 individuals deployed across a wide range of clients, we have an unrivalled access to talent throughout Australia and through multiple off-shore channels. Our engagement services provide improved visibility over contractor logistics, promote efficiency and process improvement and reduce employment-associated risk.

Combining over 50 years of experience in the Talent and Professional Services industry, The Aquarium are a highly-reputable group who provide exceptional service with a personable approach. Our services are agile—designed to be scalable and customisable— ensuring that we can easily adapt to changing circumstances and deliver first-class results.

Innovation is a key component of our approach, as we continue to push the boundaries to find new and creative solutions to the challenges faced by our clients. We are not afraid to approach solutions from an alternate angle: we are constantly looking for new ways to help our clients achieve their goals faster and more efficiently.",Professional Services,SIZE_B,"Haymarket, New South Wales","['Professional Services', 'Recruitment', 'Payroll', 'Teams As a Service', 'Contingent Workforce', 'Engagement', 'and Technology Services']",2024-10-23T13:23:19.616942804+00:00,,0,
79709504,Enterprise Architect POS Business Banking,https://www.seek.com.au/job/79709504,,"**Join Our Team as a Business Banking Architect!**

Are you ready to shape the future of Business Banking? We’re looking for a visionary Business Banking Architect to join our dynamic team. This senior role offers the opportunity to work closely with the Head of Architecture and other senior leaders across the bank to craft and maintain our cutting-edge Business Banking technology strategy.

**What You’ll Do:**

- **Collaborate and Innovate:**
Work hand-in-hand with Business Banking teams to identify strategic architectural opportunities. Your insights will drive our medium-term planning and quarterly business reviews.

- **Design Future-Ready Solutions:**
Create end-to-end solutions (Cloud, Hybrid) for business banking, including front-end mobile and core banking integrations.

- **Lead Major Programs:**
Define architecture for significant programs and projects, guiding teams through implementation.

- **Drive Technological Excellence:**
Manage the lifecycle of solutions, conduct technology watch, and develop proofs of concept for our platforms and systems.

- **Vendor Management:**
Assess and evaluate vendors, and manage technology aspects related to RFP processes.

- **Global Collaboration:**
Partner with global counterparts to define target state architecture, encompassing business functions, applications, interfaces, and technical components.


**What We’re Looking For:**

- **Expertise in Enterprise Architecture:**
Extensive experience in enterprise architecture and business banking, including Point of Sale Technology integration (POS).

- **Tech-Savvy:**
Proficiency in cloud computing, data analytics, and cybersecurity.

- **Regulatory Knowledge:**
Strong understanding of regulatory frameworks and compliance.

- **Leadership Skills:**
Excellent leadership and project management abilities.

- **Communication Skills:**
Ability to convey complex technical concepts to non-technical stakeholders


**Desirable Skills:**

- **AI and Machine Learning:**
Experience with AI and machine learning applications in banking.

- **Blockchain Knowledge:**
Familiarity with emerging technologies, including blockchain and its potential uses in finance.

- **Top-Tier Experience:**
Previous experience in a similar role within a top-tier financial institution.


**What’s in it for you?**

Drop everything and learn with over 16,000 professional and personal development courses to choose from

Discounted ING Health Insurance

An additional Rest Day to support your wellbeing

An IMPACT Day to volunteer on approved sustainability activity

**About Us**

At ING, we want to make life simpler and more worthwhile – for everyone who banks with us, for the people who work with us, and the community at large, too.

When you come to work at ING, you are joining a team where individuality is not just accepted, it is encouraged. We have built a culture that is fun, friendly, and supportive – it is the kind of place where you can be yourself and make the most of whatever you have to offer.

We give people the freedom to think differently, take ownership of their work, and make great things happen. We are here to help you get ahead. And with our global network, there is plenty of scope to take your career in new directions, perhaps even ones you have never considered.

We are all about celebrating success and as a result we are proud to be a WGEA Employer of Choice for Gender Equality and a certified Family Inclusive workplace.

Sound like the kind of place you would feel at home? We would love to hear from you.

(One last thing, ING operates a direct talent sourcing model. So, no agency introductions, please.)

Applications close 15th November 2024

**Before you apply**

Here at ING, we consider employee development to be important and encourage existing employees to apply for suitable internal positions. It is expected that any employee applying for a vacant position would have been in their current role for a minimum of twelve (12) months before applying. This may be waived in exceptional circumstances and after consultation with your manager.

**Still in two minds?**

At ING, we know that diversity drives innovation. Research reveals that 60% of women and underrepresented groups may pause at this stage, even after starting their application. Don’t miss out on the opportunity to bring your unique perspective to our team - submit your application today!

#LI-DNI",0,Architects (Information & Communication Technology),Full time,Sydney NSW,2024-11-22T09:38:18.000Z,[],433004,ING,https://guce.yahoo.com/terms?locale=en-AU,"ING - the trading name of ING Bank (Australia) Limited - is part of the world %%U+0027%% s leading direct bank, and is wholly owned by ING Group. At ING we recognise that financial services form the foundation of a healthy society and we have a role to play in shaping a positive future for Australia. This role goes beyond delivering monetary returns - we have an opportunity to use our scale, reach and expertise to help our customers, our employees and the society in which we work prosper.
Source: this is an extract from the company’s own website",Banking,SIZE_A,"Sydney, NSW",[],2024-10-23T17:00:17.169074301+00:00,,0,
79220260,TIBCO Integration Technical Architect/Lead,https://www.seek.com.au/job/79220260,,"**TIBCO Integration Technical Architects**

**Location:** Sydney, Australia

**Contract:** 6-month initial contract with view to extend

We are seeking an experienced
**Development Lead / Architect**
with deep expertise in
**TIBCO ActiveMatrix BusinessWorks™ 5.14.0**. In this senior-level role, you will be responsible for architecting integration solutions and leading the development team to deliver innovative and scalable business process automation projects. You will act as a technical leader, guiding best practices, architectural decisions, and ensuring smooth implementation across multiple integration initiatives.

**Key Responsibilities:**

- **Architectural Leadership:**
Design and architect complex integration solutions using TIBCO ActiveMatrix BusinessWorks™ to meet business needs and ensure seamless communication across enterprise systems.
- **Team Leadership:**
Lead a team of developers, providing mentorship, guidance, and support in developing high-quality integration processes.
- **Integration Strategy:**
Develop and implement best practices, frameworks, and methodologies for TIBCO integration projects.
- **Solution Design:**
Collaborate with business and technical stakeholders to design scalable, efficient, and cost-effective integration solutions.
- **Technical Oversight:**
Ensure the technical integrity of integration projects, including security, performance, scalability, and compliance with enterprise standards.
- **Process Optimization:**
Continuously improve existing integration systems by optimizing architecture, performance, and automation capabilities.
- **Stakeholder Management:**
Work closely with clients, business analysts, and project managers to understand project requirements and provide regular progress updates.
- **Documentation:**
Develop high-level technical documentation, including solution architectures, data flows, and integration specifications.

**Required Skills and Qualifications:**

- **Experience:**
  - 7+ years of experience in enterprise integration and middleware solutions, including extensive experience with
**TIBCO ActiveMatrix BusinessWorks™**.
  - Proven track record in
**architecting**
and delivering successful integration projects within complex enterprise environments.
  - Experience with
**TIBCO EMS, JMS, SOAP/REST Web Services**, and other related technologies.
  - Knowledge of
**cloud-based integration**
solutions, especially with AWS or GCP, is highly desirable.
- **Leadership Skills:**
  - Strong leadership, team management, and mentoring skills.
  - Ability to make strategic decisions and influence architectural direction across projects.
- **Technical Expertise:**
  - Advanced proficiency in designing and developing integration solutions using TIBCO BusinessWorks and related TIBCO products.
  - Strong background in
**enterprise architecture**, system integration, and business process automation.
- **Communication Skills:**
  - Excellent communication and interpersonal skills with the ability to engage and influence stakeholders at all levels.

**Preferred Qualifications:**

- TIBCO certifications or relevant architecture certifications are a strong advantage.",0,Consultants (Information & Communication Technology),Contract/Temp,Sydney NSW,2024-11-01T00:45:00.000Z,[],61887107,The Aquarium,https://guce.yahoo.com/terms?locale=en-AU,"The Aquarium is a Professional Services Group comprised of The Aquarium Talent Solutions, The Aquarium Professional Services, Consortio and Total Resource Solutions.

We are an established and highly successful talent provider to corporates, government and growing businesses. With over 2,000 individuals deployed across a wide range of clients, we have an unrivalled access to talent throughout Australia and through multiple off-shore channels. Our engagement services provide improved visibility over contractor logistics, promote efficiency and process improvement and reduce employment-associated risk.

Combining over 50 years of experience in the Talent and Professional Services industry, The Aquarium are a highly-reputable group who provide exceptional service with a personable approach. Our services are agile—designed to be scalable and customisable— ensuring that we can easily adapt to changing circumstances and deliver first-class results.

Innovation is a key component of our approach, as we continue to push the boundaries to find new and creative solutions to the challenges faced by our clients. We are not afraid to approach solutions from an alternate angle: we are constantly looking for new ways to help our clients achieve their goals faster and more efficiently.",Professional Services,SIZE_B,"Haymarket, New South Wales","['Professional Services', 'Recruitment', 'Payroll', 'Teams As a Service', 'Contingent Workforce', 'Engagement', 'and Technology Services']",2024-10-23T13:23:19.616942804+00:00,,0,
79691792,Solution Architect,https://www.seek.com.au/job/79691792,,"**Information Technology Unit: Architecture**

 At UTS, we’re changing the game. We’re on a journey to be the leading university of technology and we’re moving the world forward with our breakthroughs. Our state-of-the-art campus in Sydney’s vibrant Tech Central precinct is a hub of creativity, innovation, and collaboration, where curiosity thrives.

 As we transform our Digital Strategy, we’re modernising and adopting Agile methodologies, including the SAFe framework, to boost efficiency and responsiveness.

 You’ll be joining a supportive and inclusive community that values diverse perspectives and encourages you to bring your whole self to work.

 Ready to make a difference? Join us at UTS and help shape the future!

 The Architecture Practice at UTS is driven by a passion for enabling exceptional customer experiences for students, academics and professional staff. The team has deep knowledge of UTS and strong relationships across IT and business. They work closely with people across UTS to build a compelling technology vision, a clear pathway to get there, and shape the solutions to make it real! As a team, they value forward-thinking, collaboration, trust, clear communication and bringing new ideas to the table – and seek to live these values every day.

 Team members shape innovative solutions that directly contribute to the University %%U+0027%% s core purpose of advancing knowledge and learning through research-inspired teaching, research with global impact, and partnerships with industry, the professions and community. They are encouraged to bring new ideas for improving the way we work and share knowledge and learnings across ITU. Ongoing development is seen as critically important in this team with members committing to training outcomes in annual work plans and time reserved each month for upskilling. The architecture practice also embraces flexible working, typically spending a minimum of 2 days on campus each week with one of those days being the team  %%U+0027%% anchor day %%U+0027%%  when all team members have an opportunity to meet up face to face.

**The Opportunity**

 The Solution Architect role is a key position within the IT Unit. The Solution Architect will design and deliver effective technology solutions that align with UTS %%U+0027%% s strategic goals and enterprise architecture framework. This role requires a deep understanding of business requirements, technical expertise, and the ability to translate them into scalable and robust solutions.

**A Day in the Life of a Solution Architect at UTS**

 The architectural landscape at UTS is broad, complex and quickly evolving. Solution Architects will typically be aligned to particular business-focused or architecture-focused domains (e.g. business, information, data, integration, infrastructure, cloud, security etc). For the current advertised roles, the position holder will work in one or more of the below domains. Key technologies for each domain are also outlined below. While it is not essential to be an expert in all these technologies, an understanding of the fundamentals is desirable.

Business Operations Technology:

- Optimizely
- Google Analytics 4
- Salesforce CRM & Marketing cloud
- Raisers Edge
- SharePoint Online
- Ascender/Concur

 Enterprise Platforms:

- ServiceNow
- Workday ERP
- Microsoft 365 & Power Platform
- Protecht, Riskware
- Boomi

 Cloud and Infrastructure – Faculty Specialist Systems:

- Cloud Infrastructure & Platforms (AWS, GCP, Azure)
- Enterprise Observability (New Relic)
- Identity Security & Governance (Okta & Sailpoint)
- Enterprise Storage (Dell PowerScale)
- DevOps & CI/CD Tools (GitHub, Terraform, Ansible)
- Data Networking

**What You’ll Need to Succeed**

- Proven experience working as a Solution Architect, Technical Lead or in a similar role, preferably in a large and complex organization.
- Solid understanding of enterprise architecture principles, frameworks (e.g., TOGAF), modelling techniques and solution design methodologies. Relevant certifications such as TOGAF, SAFe, or similar are desirable.
- Strong technical expertise in multiple domains, such as application development, integration, information and data management, security, or infrastructure.
- Experience in designing and implementing solutions using industry-standard technologies and platforms.
- Proficiency in creating architectural artifacts, such as architecture models, specifications, and design patterns.
- Knowledge of security and compliance considerations in solution design.
- Excellent analytical and problem-solving skills, with the ability to assess complex requirements and translate them into practical solution architectures.
- Strong interpersonal and stakeholder management skills, with the ability to build effective relationships and collaborate with diverse teams.
- Demonstrated experience working collaboratively within cross-functional agile teams.

**Remuneration & Benefits**

A competitive and comprehensive remuneration package will be offered.

 This role attracts 17% superannuation in addition to the base salary.

 UTS staff also benefit from a wide range of Employee Benefits. We prioritise your growth with extensive learning and development opportunities, including leadership programs, study time support, and access to resources like LinkedIn Learning. Enjoy a comprehensive health and wellbeing package featuring on-campus health services, fitness discounts, and childcare support. Financially, we offer competitive benefits, including salary packaging options, and exclusive discounts on various products and services. Plus, benefit from generous leave entitlements and staff recognition programs that celebrate your achievements.

 We have three full-time positions available.

**How to Apply**

- **Please submit your application with your updated Resume (max 5 pages) and a Cover Letter (max 2 pages) outlining your skills and capability in relation to the role. Only applications that include a cover letter will be accepted.**
- Specific enquiries or issues with your application may be directed to the UTS Recruitment Team at ITOM.recruitment@uts.edu.au.
- Applicants must have current and valid work rights in Australia.
- **Please note that applications for this position will close on Wednesday, 6 November 2024.**

**Accessibility**

 UTS Recruitment care about digital accessibility. If there is any content in our advertising that you have struggled with, please make us aware so that we can make our information accessible to all.

_In addition, if you have a disability that requires adjustment to the recruitment process or an alternative application pathway please contact ITOM.recruitment@uts.edu.au for assistance._

_UTS is recognised widely as supporting inclusivity and diversity through our Wingara Indigenous Employment Strategy, Social Impact Framework and UTS Access and Inclusion Plan. Cited as a WGEA Employer of Choice since the inception of the award, we were among the first Australian institutions to receive the Athena SWAN Bronze Accreditation for our commitment to action addressing gender equity in the STEMM disciplines._

_We welcome applications from women, Indigenous Australians, people with disability, those who identify as LGBTIQ and applicants from culturally and linguistically diverse backgrounds._",0,Architects (Information & Communication Technology),Full time,Sydney NSW,2024-11-06T00:57:00.000Z,[],432656,UTS,https://guce.yahoo.com/terms?locale=en-AU,"Our campus is in the heart of Sydney %%U+0027%% s creative and digital precinct and alongside Sydney %%U+0027%% s central business district and Central train station.
After a 10-year $1.3 billion transformation of the UTS campus, the university boasts a range of award-winning and sustainably-built buildings and facilities designed to support innovation in education and research.",Education & Training,SIZE_A,"Ultimo, New South Wales",[],2024-10-23T11:40:40.292382883+00:00,https://recruitment.uts.edu.au/,0,
79440610,Application Architect,https://www.seek.com.au/job/79440610,Market rates,"**Digital Solution Architect**

FinXL IT Professional Services is currently looking for a Digital Solutions Architect to work on site with their client to deliver the quality digital solutions. This would be a hands on technical role.

- Initial 6 months contract with extensions
- Sydney Based
- Hybrid working (3 days in office)
- Immediate or 2 weeks notice preferred

**Skills Required:**

- Must have strong experience with Digital projects and delivering digital projects.
- Must come from a developing background and experience in online design and architecture.
- Systems integration experience.
- experience with API, micro-services, Linux and web services preferred.
- Experience with Digital technologies include: Mobile applications, web frameworks, Marketing and call centre.
- Experience negotiating scope
- Strong stakeholder management
- Experience working along with the other teams to deliver the continuous integration and delivery.
- Experience working in cloud environments.
- Experience working in BAU projects.
- Strong experience with agile methodologies.

**Responsibilities**:

- Responsible for delivering solution design and architecture across different digital channels.
- Investigating new technology solutions where appropriate and developing prototypes.
- Responsible for managing project changes and impact assessments.
- Responsible for ensuring architecture and solution are aligned with the rest of the teams.
- Establish and maintain trusting and valuable professional relationships with other team members.
- Establish alignment with Architecture best practices and Architecture Reference Architecture.
- Development of requirements that accurately reflect the capabilities and strategic direction of the systems and the needs of the business.
- Team player - Good relationship with all team members and any third parties.
- Technical leadership - Coach and lead developers towards the right solution.
- Agile Principles.
- Operational Quality - All designs and implementation are stable, high quality and are easy to operate and monitor.
- Documentation and Compliance
- Performance Optimisation

If you are someone with the following skills, Please apply through the link below and we will get in touch with the suitable candidates.",0,Architects (Information & Communication Technology),Contract/Temp,Sydney NSW,2024-11-10T01:49:37.000Z,[],45561458,FinXL IT Professional Services,https://guce.yahoo.com/terms?locale=en-AU,"FinXL IT Professional Services – part of the Finite Group - is a proudly Australian company known for delivering high value ICT services and solutions.

FinXL was established in 2003 and has an international presence with eight offices across Australia and New Zealand. As a trusted partner, we consistently deliver excellence and value to our clients.

Our outcome driven approach is achieved by combining exceptionally talented people with proven methodologies to deliver innovative and pragmatic solutions. This enables our clients to increase revenue and profitability, improve customer satisfaction and engagement and stay ahead in today’s rapidly changing world.

We have provided ICT Professional Services to a diverse range of medium to large enterprises and government organisations, including many ASX 200 corporations. Some of our key industries include: 

> Telecommunications 
> Government – Federal, State and Local 
> Banking and Financial Services 
> Commercial 
> Utilities and Resources 
> Defence

We currently have more than 1000 consultants assisting our clients throughout Australia and New Zealand, and we continue to grow at a rapid pace.

Through the delivery of services and implementation of new systems, processes and technology, we assist our clients to gain competitive advantage and reach new heights! 

Please call us to discover why more and more clients are using FinXL.

FinXL. Expert Services. Trusted Delivery.",IT Services and IT Consulting,SIZE_D,"Sydney, NSW","['Business Consulting Services', 'Project Services', 'Information Services', 'Managed Services', 'Solution Services', 'Technical Services', 'Project Management', 'Business Analysis', 'Architecture', 'Change Consulting', 'Systems Integration', 'Application Development', 'and Flexible Workforce']",2024-10-23T11:41:48.785685637+00:00,,0,
79651409,Solution Architect,https://www.seek.com.au/job/79651409,,"_PM-Partners group is a specialist Project Management Consultancy. We have a unique way of running projects and providing training and advice, so our clients get the best results with less cost and risk. Each year we deliver over $3B of projects, train over 10,000 people, and help some of Australia’s leading brands improve their PMOs._

My client, is currently looking for **Solution Architect to join on a rolling contract basis**. You will have the opportunity to help design, build, and own the end-to-end upgrade of the **electronic document management system** from on-prem to cloud. You will also lead the delivery of **solution architecture strategy and artefacts** including roadmaps, solution on a page and supporting data architecture patterns.

**What you offer?**

- Background in designing and solutioning cloud native products
- Experience in solution and data architecture and designing solutions on AWS leveraging SaaS, IaaS, PaaS cloud offerings
- Ability to understand and anticipate business needs to provide appropriate architecture guidance
- Knowledge of solution and data architecture frameworks in Legal, Risk and Finance Technology, modelling tools and data security principles
- Experience working with business stakeholders, engineers, project teams to manage their requirements
- Strong focus on latest technology trends and how we can leverage these capabilities to build best in breed products.
- Understanding of electronic document management systems, desirable.

**What we can offer you!**

- **Culture**: A fun, fast paced, collaborative delivery environment
- **People**: A group of talented, experienced, and dedicated Consultants to work by your side with a dedicated Relationship Manager
- **Passion**: Ability to band together when under pressure to deliver first class results to clients
- **Transparency**: Open door policy
- **Professional Development**: On the job development and access to certifications in our Training practice
- **Care and Support**: On-going support and advice from experienced PM-Partners Consultants
- **Knowledge**: Access to PM-Partners Delivery and Advisory practices

**If you feel you meet our selection criteria, please submit your resume to Paul Woodhead at PM-Partners via LinkedIn or SEEK application or email** [**–**](mailto:%E2%80%93%E2%80%AFrnarciso@pm-partners.com.au) **paulw@pm-partners.com.au**",0,Architects (Information & Communication Technology),Contract/Temp,Sydney NSW,2024-11-21T00:00:00.000Z,[],20626694,PM-Partners Group,https://guce.yahoo.com/terms?locale=en-AU,"PM-Partners are strong advocates and practitioners of Agile and Scaled Agile, and have a 25-year pedigree in traditional project management, programme management and portfolio execution. We believe our multi-modal approach enables the right blend of best practice frameworks and methods for your organisation to succeed.

Our expert team of advisors, coaches, and practitioners thrive on one thing – quality execution.

We are proud to work with some of the most innovative and inspiring organisations across Australia and south-east Asia. Our customers develop critical infrastructure, improve our healthcare systems, make our skies safer, reduce financial crime and fraud, build safer and healthier communities, and deliver high-speed networks to make your Netflix faster!

Founded in Australia in 1996, PM-Partners is proud to be a homegrown Australian company. Today we are part of the $4.5bn OUTSOURCING Inc. group, which has over 80 operating units in 22 countries. 

PM-Partners has 28 globally recognised certifications and accreditations. With over 300 experts our team has helped our customers achieve their goals through excellence in project delivery and skills uplift.",Business Consulting and Services,SIZE_D,"Sydney, NSW","['Transformation and Turnaround', 'Business Agility', 'Project Delivery', 'Project and Agile Resourcing', 'Consulting & Advice', 'Managed PMO', 'Portfolio Governance', 'Health Checks & PIRs', 'Capability & Maturity Assessments', 'Methodology & Frameworks', 'Capability uplift', 'Business Analysis', 'Project training', 'Project management courses', 'Agile courses', 'Project management consulting', 'SCRUM training', 'and Scaled Agile']",2024-10-23T11:40:58.798201669+00:00,,0,
79485417,Solution Architect (.Net),https://www.seek.com.au/job/79485417,$180K-$200K+Super+10% Bonus,"Join a rapidly expanding Australian online betting company creating SAAS products for the online gambling industry! You will lead the architecture for a greenfield project. This is a fully remote position, but you have the option to go into their office as well.

**Responsibilities:**

- Design and develop architectural solutions for various projects
- Develop detailed architectural blueprints and documentation to guide development teams and stakeholders
- Present architectural plans and solutions to product stakeholders, facilitating discussions and incorporating feedback
- Work closely with team leads to ensure architectural solutions align with project goals and team capabilities
- Plan and oversee the integration of new systems with existing infrastructure, ensuring seamless operation and minimal disruption
- Analyze and improve system performance, scalability, and reliability, ensuring solutions meet quality standards

**Requirements:**

- 3+ years experience as a Solution Architect
- A strong background in software development with a deep understanding of software architecture principles
- Extensive experience across .NET, React (or Angular), MongoDB and cloud platforms such as Azure and/or AWS
- Demonstrated experience with Microservices Architecture (MSA), Service-Oriented Architecture (SOA), and/or Event-Driven Architecture
- Strong analytical and problem-solving skills, with the ability to address complex technical challenges",0,Engineering - Software (Information & Communication Technology),Full time,Sydney NSW,2024-11-13T05:47:00.000Z,[],400458652,DeVision Recruitment,https://guce.yahoo.com/terms?locale=en-AU,"DeVision is an Australian based Consultancy that specialises in Software Engineering, Cloud/DevOps, Infrastructure & QA recruitment .  Companies that we work with we consider ‘partners’ rather than  %%U+0027%% clients %%U+0027%%  as we help them achieve their vision. Various industries that we have placed people into are Gaming, Health Care, Crypto Currency, Travel, Finance, SaaS and Consumer markets to name a few. 

Our core Values: 
1. Quality Service: This is our true differentiator in the market. Our turnaround time from taking a job brief to providing a shortlist, averages 48 hours.
2. Transparency: We’re highly transparent with both clients and candidates. We’re not afraid to tell clients that their hiring process is suboptimal or that their offering isn’t good enough to attract the level of talent they’re after. Similarly, we’ll happily educate candidates that their expectations are unrealistic in conjunction with their level of experience, or that their CV is poorly written and needs improvement. 
3. Integrity: Integrity is massive for us as we want to foster long-term relationships with both clients and candidates. For clients, we establish a partnership model and only send candidates we genuinely feel will be an asset for their business. Candidates are happy to work with us again as we always have their best intentions in mind.

The following are positions that we fill (all levels- Graduates to Leads/Principals):
✅ - Software Engineers (FE, BE & FS): .Net, Java, JavaScript (NodeJS, Typescript), PHP, Ruby, Python, 
 Golang React, Angular, Vue, vanilla JavaScript (Html, CSS), Typescript, C++
✅ -Firmware/Embedded Engineers, Unity Developers, 3D Developers
✅ - Mobile Engineers: iOS, Android, React Native
✅ - Cloud/DevOps/SRE Engineers: Continuous Integration, Deployment Leads, Microservices, AWS, 
 Azure, GCP
✅ - Infrastructure: Systems/Network Engineers, Service Desk Analysts, Security Engineers, Architects 
✅ - QA/Test Engineers: Automation/Manual

devsionrecruitment.com.au",Staffing and Recruiting,SIZE_A,"Sydney, NSW",[],2024-10-23T11:38:26.242946793+00:00,,0,
79545888,SAP BASIS Technical Architect - ECC to S/4 HANA,https://www.seek.com.au/job/79545888,,"The SAP Technical Architect should have a strong Basis background and will be responsible for documenting and sequencing the necessary readiness activities for the uplift and Technical Conversion of SAP ECC to S/4HANA. The

SAP Technical Architect will require similar experience from at least 2-3 prior SAP upgrades from ECC6 to S/4HANA especially focussed in the HCM and Finance domains.

**To Be Successful in this role, you must have:**

Minimum 5 years of experience in all facets of SAP Technical Architecture at a senior level. This includes having

- a strong SAP Basis background to drive and develop the necessary architectures associated with SAP Environments, Data and Interfaces to other Corporate Systems. **Candidates must have a minimum of 2-3 ECC6 to S/4HANA** Upgrade projects with an emphasis of working with SAP to develop the Code and Data Readiness Assessments needed prior to execution of the upgrade.
- 
The Candidate will require exceptional written and communication skills as there will be a need to facilitate workshops and conduct presentations at senior levels of the organisation.
- Demonstrated experience working with project as the SAP Technical Architect to deliver successful outcomes in SAP S/4 HANA and other related Enterprise applications is essential.
- Experience is on the SAP Upgrade from ECC to SAP S/4 HANA with impact assessment, discovery and solution delivery of the upgrade roadmap is essential. Experience with managing impact and technical assessment of the SAP environments for a minimum of 2 SAP upgrade projects is mandatory.
- It is recommended that the Candidate showcase their delivery experience with emphasis in facilitating workshops and developing comprehensive architecture storyboards to present to executive leadership. Their experience should demonstrate sound knowledge on how an organisation needs to get ready for a SAP technical upgrade from on-premise ECC6 to a S/4HANA Cloud environment (AWS or Azure).

**Some of the Key Roles the Successful candidate will perform:**

- The SAP Technical Architect will undertake the analysis of current and planned SAP technical architecture deliverables ensuring alignment with stakeholder and customer needs through formal workshops and presentations.
- The SAP Technical Architect maintains and will take ownership in developing and documenting the current and future state SAP architectures for acceptance and handover to the SAP Platform Owner and BAU Team. This role involves the development of architectures, technical designs, data flow diagrams, Interface Architectures and other products to support the upgrade to S/4HANA.
- Strategic alignment is crucial, ensuring solutions align with the organization %%U+0027%% s strategic direction for technology investments.
- The SAP Technical Architect may also need to liaise with third parties and vendors/suppliers for the allocation of technical readiness activities.

 If this sounds like the opportunity you have been looking for, please APPLY NOW or call Medha at 0488681159 for a confidential discussion.

**This is a Sydney based role and only open to Australian Citizens and Permanent Residents only**",0,Architects (Information & Communication Technology),Contract/Temp,Sydney NSW,2024-11-15T06:00:00.000Z,[],28020053,Torch Professional Services Pty Ltd,https://guce.yahoo.com/terms?locale=en-AU,"Torch Professional Services Pty Ltd commenced trading in 2013 with a market knowledge developed over 30 years; our focus is to connect organisations with IT Professionals who can help them gain increased value and a competitive edge through the effective use of technology.  Our expertise comes from years working side by side with the top telecommunication, retail, government bodies and utilities companies in Australia but also  small to medium locally owned organisations in both the private and public sectors.

Torch Professional Services are specialists within project delivery and have quickly become among the most successful contingent labour and project services suppliers.  We understand the nature of the IT industry and our agile approach has allowed us to enjoy enormous success as a result.  We understand the unique skill sets required to be valuable contributors to our customer teams.  We are most comfortable on large transformations which are fast paced and often ambiguous environments.  Our experience and exhaustive list of contacts means we understand your needs and we deliver!   
 
Torch has an outstanding reputation for providing the best people to many of Australia %%U+0027%% s largest organisations.  Torch uses smart technologies to enable us to manage large volumes of project teams for our clientele, while still remaining very connected to our people and our customers.",IT Services and IT Consulting,SIZE_B,"Parramatta, New South Wales","['Permanent Recruitment', 'Contract Recruitment', 'Fixed Term Hire', 'and Project Teams']",2024-10-23T13:23:21.990605388+00:00,,0,
79443221,Cloud & Infrastructure Architect,https://www.seek.com.au/job/79443221,,"- **Great opportunity to join our Digital, Data and Technology team**
- **Scope and design our overarching Cloud solution and infrastructure design**
- **Permanent position based in Sydney or Melbourne**
- **Salary from to $185,637 plus 15.4% superannuation**

**The team**

The Digital, Data & Technology (DD&T) group is responsible for delivering transformational change and key technology related operational services across ASIC. The DD&T group includes Information Technology, Cyber Security, Data, Digital, EPPO (Enterprise Planning Performance Office) and Registry Connect (modernising ASIC %%U+0027%% s Business Registers).

This team provides a wide range of development and support services to ASIC. We are undertaking major projects that will transform our business and continue our significant business transformation in a number of areas such as data and analytics, cloud, mobility and application modernisation. We make use of the latest technology with an increased focus on data sharing and analytics which will make ASIC a best in class regulator supporting the Australian Financial Markets

**The role**

The Cloud and Infrastructure Architect is responsible for scoping and designing the overarching Cloud solution and infrastructure designs (High & Low level) in conjunction with Subject Matter Experts, Engineering, Project Managers and peer Architects.

**About you**

We are looking for someone with minimum of five years in Cloud Solution / Infrastructure Architecture position backed by substantial SME experience on a range of infrastructure technologies.

You will have extensive experience in Technical Solutions Architecture across several of the following areas:

- Azure and AWS Cloud Services across IaaS, PaaS and SaaS.
- AAD/Entra ID, Active Directory, ADFS, synchronisation, Identity Management and Access management
- MS Office, MS Teams and M365 services.
- MS Windows Server 2012-2022 and related services.
- Hyper-converged infrastructure including VMWare and NetApp.
- Networking platforms including Cisco, Fortinet, F5 and Netskope.

Your strong communication skills will enable you to effectively articulate Solution Designs to key stakeholders including ASIC %%U+0027%% s Technical Design Authority and Architecture Governance Council.

**A** **bout ASIC**

ASIC %%U+0027%% s remit is one of the broadest of regulators across the world.

ASIC regulates corporations, markets, financial services and consumer credit, and monitors and promotes market integrity and consumer protection in the Australian financial system.

Through our enforcement and regulatory work, we hold to account those who contravene the law, working to achieve strong outcomes that address the greatest consumer and investor harms.

Through Moneysmart, we aim to improve the skills and knowledge of Australians and provide information and tools to help them in their financial decision making.

A future with ASIC means that your work will contribute to achieving ASIC %%U+0027%% s vision for a fair, strong, and efficient financial system for all Australians.

ASIC is committed to a providing a diverse and inclusive workplace where the very best talent in Australia chooses to work. Indigenous Australians are encouraged to apply as well as applicants from all backgrounds and with different abilities.

To work with us, you need to be an Australian citizen, and be prepared to complete an ASIC Suitability and Baseline Assessment, which is issued by ASIC %%U+0027%% s Security team.

View the position description for more information or click ‘apply %%U+0027%%  to start your application.

**Applications for this role will close at 11:59pm on 8 November 2024.**",0,"Architects (Information & Communication Technology), Government - Federal (Government & Defence)",Full time,Sydney NSW,2024-11-10T12:59:59.999Z,[],795441,ASIC,https://guce.yahoo.com/terms?locale=en-AU,"ASIC is Australia’s integrated corporate, markets, financial services and consumer credit regulator.
ASIC’s vision is for a fair, strong and efficient financial system for all Australians.
To realise our vision we will use all our regulatory tools to:
- Change behaviours to drive good consumer and investor outcomes;
- Act against misconduct to maintain trust and integrity in the financial system;
- Promote the strong and innovative development of the financial system;
- help Australians to be in control of their financial lives.
There is a reason for everything we do, every law we regulate, every action we take, every interaction we have with industry and consumers. We’re proud of the difference we make.
We inform. We educate. We regulate.
A future with ASIC means that you will work alongside those at the forefront of regulatory practice.
We value what you’ll bring. We value those who have sharp analytical minds and are open to challenging the way things are done. Our opportunities cover all career stages from entry to leadership level.",Government Administration,SIZE_A,"Sydney, NSW",[],2024-10-23T11:35:32.682951296+00:00,http://asic.gov.au/,0,
79394213,Solutions Architect - Applications Migration,https://www.seek.com.au/job/79394213,,"Consulting opportunity to provide solutions architecture architecture expertise to support a major separation program

**The role**

- As the Solutions Architect for the applications migration stream you will be responsible for defining the approach, dependancies , sequencing, solutions design for all business applications in scope
- You will work collaboratively with stakeholders, architects, engineers and vendors to validate appropriate solutions and provide technical oversight and direction.

**Your experience**

- 10 years + industry experience
- Proven technical architecture, design and deployment skills
- Extensive experience as a Solutions Architect supporting complex separation / migration / divestment programs
- Broad technical knowledge across integration / cloud ( Azure) / data / security / etc
- Ability to drive architectural and technical solutions
- Excellent stakeholder relationship skills and ability to influence
- Pragmatic approach and outcome focus are essential

For more information please apply today",0,Architects (Information & Communication Technology),Contract/Temp,Sydney NSW,2024-11-08T12:59:59.999Z,[],35737429,Rumble Asia Pty Ltd,https://guce.yahoo.com/terms?locale=en-AU,"Rumble is perfectly positioned to provide organisations with strategic technology consulting services that offer the right balance of quality and value.  Our background with major Australian and Asia Pacific companies provides a wealth of real-world experience that can be drawn upon to address the strategic challenges facing the modern IT organisation.  Engaging at all levels within the organisation and across key IT disciplines, Rumble consultants combine industry best practice with their expert skills and experience, to produce swift results that speak for themselves.",IT Services and IT Consulting,SIZE_B,"CBD, NSW","['Consulting', 'Technology Strategy', 'Enterprise Architecture', 'CIO Advisory', 'Program Governance', 'Program Delivery', 'Technology Services', 'Technology Delivery', 'Business Transformation', 'Mergers and Acquisitions', 'Systems Integration', 'Solution Architecture', 'and Program Architecture']",2024-10-23T14:41:04.010183171+00:00,,0,
79310455,Architect (Transport),https://www.seek.com.au/job/79310455,Competative Salary Package,"**Career Growth Opportunity:**

We are looking for an architect, ideally 5 to 7 years, who is looking for an opportunity to and play a leading role on projects, as the 2IC to a project leader / senior architect, work on projects end to end. You will get exposure to a great range of projects and an ability to grow within the organisation This role has come about due to the recent promotion the team member to a senior architect.

 This is a lovely studio to work in with genuine and caring directors who are professional and well-respected in the industry. You will have the ability to work on a range of projects on transport and infrastructure, and also able to work on complex technical buildings for government clients too.

**About you:**

 You will have a good base, ideally 5 to 7 years and at least 1 year of doing transport project. This opportunity is for someone who is seeking an opportunity to step up, either by working on larger-scale projects or playing a more leading role. You will have an opportunity to work with clients, consultants and builders and be able to be the primary contact throughout projects.

 You could have experience in large or smaller-scale projects. It is important you have good Revit skills, Enscape and good visualisations would be useful too.

**How to apply:** Press the
“Apply”
button and please submit:

- Resume
- Folio (attach instead of Cover Letter attachment (2MB limit)

_Please Submit your application through “Apply”, as this goes directly into our system and ensures you will be considered. Emailing us means we have to add you in separately and this may not be considered as promptly._

_If your folio is too large please submit your resume and then email your folio to people@buildpx.com.au as this will enable us to add your folio to your application._

 We will be reviewing applications over the coming week, so please submit your interest asap.

 We look forward to receiving your interest

**Our Process**

 We will review resumes and folios and contact candidates with the relevant skills and experience for a quick phone conversation to gain better insights into you, your skills and experience, and your interest in the role. Following this, we will short-list candidates for a 30 min online interview and then will arrange final interviews with our client with the top short-listed candidates.

**Contact Us**

 If you have any questions, please feel free to email
us at
people@buildpx.com.au **Not right for you, Other Opportunities:** We work with a range of clients nationally, so if this role is not right for you and you are looking feel free to express your interest in opportunities by registering with us via email at people@buildpx.com.au

**Find out more about us and what we do at:**

 BuildPx.com.au",0,Architecture (Design & Architecture),Full time,Sydney NSW,2024-11-03T23:03:00.000Z,[],61675552,Build PX,https://guce.yahoo.com/terms?locale=en-AU,"Build PX = Building People Experience
Setting You Up For Success
Driven by a passion for business and people, BuildPX is on a mission to create workplaces people love to work and everyone can thrive 
Your Success is our Success",Architecture and Planning,SIZE_A,"Melbourne, Victoria","['Human Resources', 'People & Culture', 'Talent Acquuisition', 'Strategy', 'Planning', 'Employee Experience', 'Training', 'Learning & Development', 'and Employer Branding']",2024-10-23T17:00:18.995477594+00:00,,0,
